230506ADM01,2023.11.21.17.47.59
230506ADM01,2023.11.21.17.52.10
230506ADM01,2023.11.21.17.55.44
230506ADM01,2023.11.21.17.55.51
230506ADM01,2023.11.21.18.06.18
230506ADM01,2023.11.21.18.07.57
230506ADM01,2023.11.21.18.09.28
230506ADM01,2023.11.21.18.11.10
230506ADM01,2023.11.21.18.19.39
230506ADM01,2023.11.21.18.20.01
230506ADM01,2023.11.21.18.23.11
230506ADM01,2023.11.21.18.26.54
230516TCH01,2023.11.21.17.47.59
230516TCH01,2023.11.21.17.52.10
230516TCH01,2023.11.21.17.55.44
230516TCH01,2023.11.21.17.55.51
230516TCH01,2023.11.21.18.06.18
230516TCH01,2023.11.21.18.07.57
230516TCH01,2023.11.21.18.09.28
230516TCH01,2023.11.21.18.11.10
230516TCH01,2023.11.21.18.19.39
230516TCH01,2023.11.21.18.20.01
230516TCH01,2023.11.21.18.23.11
230516TCH01,2023.11.21.18.26.54
230516STD02,2023.11.21.17.47.59
230516STD02,2023.11.21.17.52.10
230516STD02,2023.11.21.17.55.44
230516STD02,2023.11.21.17.55.51
230516STD02,2023.11.21.18.06.18
230516STD02,2023.11.21.18.07.57
230516STD02,2023.11.21.18.09.28
230516STD02,2023.11.21.18.11.10
230516STD02,2023.11.21.18.19.39
230516STD02,2023.11.21.18.20.01
230516STD02,2023.11.21.18.23.11
230516STD02,2023.11.21.18.26.54